"V1";"V2";"V3";"V4";"V5";"V6";"V7";"V8";"V9";"V10"
100;100;100;100;100;100;100;100;100;100
101,55799333154;100,171983086155;100,454286546036;99,0573615445254;97,9458830568913;101,269442292306;99,4571291583845;98,1920560317271;97,8375382699033;101,274318591779
98,4181010044782;99,688241792402;100,512404972833;96,7884366216816;103,970535729768;93,1297662385082;93,6485072529617;93,9310168496098;103,007915796999;100,451519263486
99,2695960723301;100,176291574183;103,825064301561;97,0595153585759;98,7323802721919;90,4189816177576;98,8368207940617;95,0234156586141;102,659145684921;92,7153309894868
104,137807712027;100,701712627675;99,4354706582756;95,9937292441289;89,8706522025901;92,7004511990843;96,5086040678319;97,894154473016;100,472172847954;94,904530081191
106,642035188632;102,088307295773;98,0685879467456;99,3695928595577;89,839637370829;95,0626110112073;96,8597415839402;98,7632810131608;96,5450402448367;97,5280404566363
106,437698769761;104,682894752614;95,1677974349636;101,998855763004;94,9679100396185;91,2551853588392;97,0410733823969;96,5658664502022;95,3294246800016;94,1681268131226
104,7745009843;101,060695999407;97,2145012275281;103,245994799929;91,682647978233;96,7211893511732;100,567151011706;96,2983724673224;97,2233734427737;96,4921384041312
107,202104252321;102,511956971408;99,2499000777325;102,756414122337;88,2275806749656;98,3656517382469;99,7320153507186;98,5711525083394;96,3968645879076;97,8772685749389
111,885009818034;103,141332103048;101,066920857921;102,406848222898;93,5851622852107;102,77258668203;97,0884854466457;99,940413147281;93,7046965001477;101,128563020764
105,597867719875;101,249245693831;103,203413149215;101,247223679969;96,43123301364;107,934691565149;97,3167533670812;107,550477898521;96,2275212259483;97,5469346158262
102,59839698798;96,9930114593184;105,811108221354;96,8364321533063;98,270428531842;112,697871350704;93,6813486731344;102,690255914293;91,9566007840359;99,0772687458098
100,687181494855;101,961868088641;103,131014247911;101,298818348586;99,26409421862;112,268936268624;95,0446699732732;99,4771191874865;92,2425777970133;94,0770682868038
99,0039620056929;101,865938967021;102,574535043712;103,118134133254;98,8082795761081;114,018249983468;98,3413399982949;100,318546483066;89,9298441560528;101,614974028862
93,7812363554832;101,292327664657;97,3099646021457;102,460668166046;106,327827610345;112,194646152833;97,3584429065155;102,519578944669;92,2972666674573;100,502642362261
97,1786765779505;92,2886202656962;94,5283937595234;100,723404354166;107,150596234664;116,207540116546;100,612847215199;108,630243967606;94,2096022547001;98,5487911163648
98,3081912269805;96,5451975405094;95,9281603696225;97,6075876720904;98,9030256158531;114,878171440533;103,326757691126;109,046687783016;90,8415428336945;106,03675073143
96,2619562121236;92,1947226509977;95,1121555629459;91,4278483510506;98,2729927884068;116,587594247771;103,292651847722;102,807708496679;89,2499238874544;107,537778892563
100,685060715738;92,180114973038;92,4859366299137;93,1099343965053;95,9538096116598;118,734828169062;98,9129171007663;104,215864582563;87,8675336794707;113,649283939525
97,7289632921976;93,5894783729298;95,1278498211063;94,9327266858683;101,023427206003;118,790295274697;105,535833006544;107,784897271506;83,3530684315869;123,635994228565
97,1496060338908;92,4028487667443;87,4034691208037;93,5668843225827;98,815269405101;115,049865311538;106,692141258643;111,83321586232;78,2699956718287;127,024169779096
102,730400259022;91,6378666949038;87,3476976600685;97,9216994151883;97,0733009620711;110,653016463042;110,819381935045;112,59295465035;77,2642774874551;123,353005413589
102,003466158791;88,5517508016617;81,5393047086614;99,6589557564994;97,7664495087088;114,110948455617;113,787159649137;112,359299394257;79,9987123801458;125,421390185529
102,528984678908;94,6909210204073;83,4051616916729;98,2180557931621;95,9221090568754;112,333786814568;108,934632458941;117,346315261389;82,0579447316782;122,934215573069
100,236668678657;96,92011378108;84,7689292601206;99,3366035638479;98,6900563943966;119,870207514856;112,765629300969;115,872163645985;86,0525448493313;128,464500476212
103,618072745353;94,4269654040851;83,291593832429;98,2420910797504;99,8014348713983;113,933770620775;104,292325348948;117,187112979489;84,4722728678253;124,84309322866
104,234758579829;94,5650036537678;84,2051314590742;97,6257475488955;98,0169341042879;116,156043026249;103,665573446218;119,242172981236;90,7699768496515;121,480850191567
105,970187566712;94,8794376632956;91,1760982416176;102,754898524033;98,8980757558724;115,48472060414;102,543244170908;119,129447573233;91,9393483760493;118,286651333261
109,013464509497;98,4446419059217;89,8653622616611;103,910399252439;98,6203074747991;114,804230418842;96,7892054609614;115,986420720837;92,2471621020262;118,197440650896
110,154457772209;93,1754192359523;86,6644205010158;106,693251338919;97,6731205249246;112,348681369295;102,209098133987;109,179180675647;92,5727689007915;118,72819848595
113,436122897304;90,9109986261255;78,8552886021875;105,803312302768;96,5247719916004;115,593599466923;100,30519307245;106,78979341741;92,5867837279903;125,899322855043
114,872544326074;98,5996385910671;80,3886828191827;101,070691448674;92,3036474311153;113,356460998975;102,08247491594;103,473296090671;85,9426648999385;126,079605679989
107,753833016877;92,5174286930179;79,7720061674645;108,949804586477;90,1481502913301;113,139438995765;97,9845627742652;103,083896288117;89,9098208209776;122,411108998997
105,207436345987;101,619403336809;78,5105951835793;107,032576950422;92,052673964435;111,475158042888;92,9450943413354;105,509915584305;85,7468252314988;123,95376476689
107,641409198295;106,997627558508;83,2270013689963;107,089999439019;96,2765095823716;106,800898932558;98,9739123150864;102,556791353521;84,3325627505956;123,705113274785
107,900529363277;108,46992516797;84,3104670652053;103,624664424119;99,7967664182723;102,119507458764;96,6063828960663;102,94162920488;83,6910253620104;123,423833396439
109,300533858406;105,579821987418;86,468743301955;103,656072827514;106,380760239758;105,871528514631;93,8446811540637;108,50681707931;83,9457101216185;129,272930249551
98,8906020018951;101,423604008998;86,0113453827371;100,635785012909;112,202766014272;108,699987705968;95,2934422556127;104,839094254193;81,5504266573876;126,810273530247
98,3088764426303;100,989383605068;84,3550494295467;99,4924313845078;114,272476046074;105,680711209102;95,7805496001698;107,225678983618;83,1721004097505;122,394463149649
96,9118109145971;97,0988763109739;81,6920416637666;103,243216635762;116,021073734901;100,577692775927;94,7462245325018;103,212667574501;86,6002985490878;120,067906497573
100,079728427186;102,085698608567;83,413180357519;105,013020206596;110,132265855091;96,5981688543026;93,137906024158;98,8300074638451;90,6651315307219;126,550364792968
98,8884998983416;99,8966386531549;83,6533873379849;107,268393239388;113,959518654995;95,6543422180926;90,1467233390458;96,7792999425281;92,7954473387927;118,638563105047
95,8153809138548;100,121176362401;84,5650287548398;107,979134040639;119,446698597773;100,81109361664;88,1311878166582;94,8749649661039;89,3140064351732;118,083335722797
93,4176995505756;90,4618979733127;88,7985053702089;109,637113042819;109,539675448971;102,047704610966;90,4195477545226;93,8421268826811;89,1715458699785;121,617645953181
90,6482902825803;91,831284672135;92,7119676152348;104,780058311897;112,209065168044;103,550119074035;83,7273392433358;88,0098904832467;95,0537350438955;121,368258857736
87,1938266454208;91,2068602927868;98,5213050415664;103,51419331366;117,625034445277;104,462953911523;86,7011892069791;88,4539002675622;95,4310012655807;123,052423137802
93,8254179208365;90,4110367993168;98,2675205860179;103,351514636367;114,880799454745;102,981306269397;90,6484164290999;91,447739867318;99,6397036190183;122,926457602043
92,1903384960356;88,9672996420909;92,0987985959217;102,045938161016;117,539015626781;110,977017605576;89,4964154299478;92,5247488221625;99,3461995908309;122,028746175853
92,5214253202446;92,93594275353;88,8807483247866;103,911436586688;110,280637210659;111,936305479508;90,5454512142004;89,5608697065399;99,9335715131249;119,422725381869
91,9945894696647;93,6292199206344;84,7265474285697;103,981195110699;114,728899118169;106,489212772981;87,11648551153;87,209715823093;92,4522076023407;120,709728265448
90,5702663466218;93,9718502042079;87,0169409272205;101,115883200834;114,043723886324;117,132971415094;85,9843921646996;93,6799073455412;84,7154675374727;122,091348195453
95,970844531356;92,3622889457322;78,5026966344403;102,284604372179;113,577862285386;122,571698679198;92,936920970921;92,9041249690741;85,9863307398119;121,859332956303
101,99183020259;95,8933339686287;80,0670507683674;103,725601582057;111,082791670663;123,921776280679;98,3007382180221;96,0537537388551;84,2684399445221;122,14870325524
98,4971576869449;104,255132689561;76,6374831273086;107,214246823832;110,850715340252;124,016502436537;103,25926842646;94,4093099066453;84,7078484785439;122,167078453667
105,127001796578;103,615550365792;75,9645410349215;102,900886263336;111,469818018998;123,048641714315;108,051305055099;88,0644676186897;87,1657407867234;122,769214935438
102,436413963723;107,962234907117;75,3598202773611;103,065108481449;115,526257985074;127,131107882612;112,044250377863;87,5930211456538;81,5797278806892;118,004040376709
108,295176756551;103,580536917349;77,0029021900954;95,3117230823852;125,134253307899;116,34418894469;105,864292920057;82,7675488416502;80,0974440684631;123,527077691405
110,270645463928;101,477735480995;77,1106045053661;96,1332642207005;124,528992198044;112,949843167814;108,30280462519;83,2503942280364;81,3065516423431;119,888286541861
105,073437078923;106,122923852093;76,6303910356276;101,90566305468;119,853747006693;104,930370496765;109,452960061895;82,849243980897;81,2081432667586;117,862396901133
105,149394212933;101,247353438438;76,2648060141261;100,384134887277;118,573455164428;99,1845449521831;112,521662812999;83,2041341977129;88,3296844442648;113,975013778417
104,834388207236;96,6446676790213;79,5357030182064;93,9686391622321;107,298843285029;92,4768106361579;107,830446749801;86,2288561056294;86,5065776841055;119,609651707015
109,092693504939;101,048930744595;79,8739551083557;91,9949762007418;106,162449200609;93,5082957075354;100,285553241091;89,1390900336954;90,1655749717134;123,01469213253
115,567698067507;100,361038280065;76,1576403050584;92,6013965062473;104,618445249422;100,26172777308;99,828097562846;90,1705403159013;94,582481384177;128,965501739986
113,744882376998;97,1964608721007;76,566774085655;89,8049532499648;100,888914899176;97,6351337538171;101,386508033214;87,1892027856172;98,7171405944097;127,006982153836
113,00464624232;98,7202075262265;78,4233461681246;89,1850140272742;103,702146904976;97,1143303348862;103,611988661031;92,8177338971245;100,390944767193;122,138395883244
112,712322412719;97,6388726787633;78,87310561396;93,7168519905266;108,958999374763;97,8805768540554;102,128619687435;90,0853689024007;100,197343353996;119,294035529754
111,820866895652;97,42784946058;77,7286437640114;95,5942402758556;117,114700396733;94,4994600559935;106,548610494737;86,9846599532112;104,184132695849;113,722879349133
110,845232601858;95,9997199321844;75,6628225616893;101,244196590044;117,888199765487;95,0205607907889;112,159196448451;85,3335872558321;101,201084376182;112,718697498317
104,53192148496;97,0767553345214;79,8665691586966;101,164760725387;123,850507497313;98,1205243561983;110,461754243147;89,081652533554;95,4725531768241;118,714394955502
101,443099477332;97,3712490878136;78,4080107205226;101,685129116162;127,658855189751;94,4448206933665;118,81249850113;92,5004290160456;92,2913831495256;117,852747214394
97,6180049901456;93,7656271003361;76,673930755241;100,606705940412;133,777207295866;95,033947677083;104,651004887712;93,6904179598129;88,4629169948454;120,331973145405
93,3881436794876;94,4426056992371;75,7733607702302;99,9726514608694;127,857142293726;98,0496591268603;110,087060800576;84,8694317610286;90,5988283197167;121,793401044608
92,5148590559675;97,011751454517;75,9775219037141;90,4033364635406;128,457099244475;97,5934577370504;106,581612171261;85,4264329540825;91,6956236555433;123,233346992931
91,5320412630111;98,2993853687069;79,701499577939;92,7716601361968;127,097438797254;93,2716366218018;108,636061228604;83,8328066727396;88,5937138334495;121,866792246994
91,1357916127442;98,7123638243738;78,1007807317929;96,7557950600739;128,387356681457;94,076103200252;104,561101930053;84,7169637233366;89,4418614030565;117,324632980319
93,1106104347079;106,064081957889;81,9120561280474;95,2156582536928;128,405773430035;95,0579608814383;108,200527820439;84,6781434202708;94,5385142023104;116,105690579112
92,4888148870729;109,136427558413;85,191064945591;95,9869170108895;130,807879078464;96,203820456456;104,088105734961;82,2488841921682;96,095311696376;113,219208779367
99,2090747394456;110,866782151247;83,1762189953196;99,3667357253513;125,693584777729;99,1916432579561;107,480554355082;88,4628051484105;90,7178380720044;114,492044677742
104,546384869855;112,050237954493;83,7666432748443;97,1828455561327;131,28536495655;102,095251330867;105,349008474457;85,5129407277856;94,2054913604104;117,032018162751
98,0671501708754;114,890732658061;86,555289076448;97,5383780098908;131,159819824935;109,293084022877;105,259818795246;86,7211024435955;96,0221919229757;116,300185227708
101,672350964752;118,365105079422;89,6185203918658;103,460103982453;132,379533648665;108,600428607572;104,257106007803;82,1871627614228;93,5307937595113;118,400287682384
101,330549557829;115,048649432081;87,7669090173804;103,155285610122;134,077303027095;106,876828517674;98,8880202632161;84,2405675286821;91,6773462074453;117,398969076369
108,325656694791;114,249811691678;87,5406081475525;98,311499901551;134,645133945574;105,613616305499;101,681504139092;79,7133209944813;91,0860866118623;116,592737217868
107,381172043058;115,561546683761;83,3499653247852;94,4736485277631;133,4491269612;109,998369233557;100,71601514326;76,9571576068996;88,4094402104325;115,872919110416
100,089404686017;120,094328088998;86,7552371648605;91,6522474967011;132,311720492203;101,832529384197;98,0237407071737;77,3079214151803;90,5796829111058;113,026279636682
99,8843874988346;118,05829318347;87,2285729896483;88,5135650218136;136,167419124679;103,969721527188;97,305775846881;77,7537184204674;92,3426718315967;111,453592655415
98,934239335803;118,304102356371;88,8085174309392;92,1088052709443;135,854411717755;108,413107477912;98,9408418393534;76,7893685033545;87,8330397095203;114,621551944588
103,042516437788;116,415999926094;85,3556288076478;90,1597249696002;135,035926876782;110,892162351301;94,882110063741;78,6744753180941;87,1946593110923;113,611751535934
108,608095672115;113,264382108441;86,7249492629794;90,6321653057556;128,619634508639;118,95626826215;95,8609677063478;75,9608874215979;85,4857408308832;107,718236334369
109,76494864942;112,523895092106;86,9009883001499;93,2238290190728;125,865560212273;127,396891939398;95,0649251495728;77,7893761381062;84,54482286721;107,290258483789
108,004870703;109,884168997217;81,547448039692;91,4635858346365;119,457589436294;127,22429613663;96,7628714952381;81,7759610654147;83,9781475217138;101,681385560533
112,15749903978;109,159207643175;79,7061761504473;94,4466787365712;121,362515022304;119,390854506083;89,374471815653;78,6546931195128;83,8545421351158;97,3483176397118
117,414235013836;110,535375256534;79,9828708047967;96,2992528086092;128,157450439408;122,13799877241;89,9308010805156;73,974507886773;80,315882954307;94,1452849169367
121,343281949833;111,522094755283;80,7630642708108;93,237392898115;128,621669262409;123,314899924754;89,0128976276711;75,3163346583778;82,5412989909008;89,5604279840506
119,803807657411;111,695694345484;79,4611999529326;93,6327246164801;139,295315262951;129,683759677054;85,0620093314138;71,3012456214352;84,3619479970629;88,7205986246988
121,448135994133;108,499684512069;80,4558448155139;82,6375558425894;133,064735614491;126,473692468931;95,2496418118433;68,9601752279488;86,3308884727761;84,3343932329652
117,535055376903;107,201833753122;81,9300277406979;84,4770778646694;122,955845470267;126,588891066044;105,893710399939;69,4667580169901;87,5021896794912;82,4488258063946
116,844532605339;107,177564168172;84,0596898822815;85,7240891435178;121,724599662657;121,558374971386;114,235327827617;70,3249350521561;90,0600223511956;82,7950655964336
116,882249571428;106,92480810805;82,1522988993326;87,7379403580163;122,307622617531;123,958835589612;110,93697352733;71,2331350397452;87,6598158992818;85,0643215582098
117,752552560177;106,602167232632;77,8722757222199;83,854808730573;120,973268688808;120,149414593349;107,110429495299;73,5260598706554;85,44069617367;86,0683867019453
126,874751860139;119,660160691221;80,6747760562647;86,7887748183621;126,083770749422;113,209630666159;110,002878006373;71,6426140785945;89,2579912282338;83,244796979394
123,460108163562;123,93462178159;82,042283006113;77,5595439964822;125,46845510243;103,598731471102;110,813345398856;73,150902292393;89,6563015694541;81,7748532048895
126,774498906736;129,0038677155;84,6869920870102;78,6089410607226;126,351525413868;98,5963181120655;113,821633399134;73,6615218197672;92,8784398647781;82,4108113180092
128,334047597914;130,201158369652;83,6470529090327;77,0161277167852;133,088156595617;98,211397212707;116,701756601297;72,8775243244568;93,858337822503;82,418696893196
126,649550337356;134,879177364556;86,6149521790597;78,6389745909879;133,22872809994;101,435946335239;119,902964867726;73,217605171054;100,463451233654;79,9614152309174
125,877884964008;128,552204868987;85,6665317786591;78,5506819220937;137,903450680157;97,7284868651799;124,836293178383;76,1513137164001;104,217066953777;75,5551177849967
122,919162720547;124,562614289668;84,7449535020921;77,0875959508133;144,758886626063;94,9111790779534;123,575147182314;80,0546181382579;105,193975355387;77,3898855337411
121,902731432176;120,158926906715;80,8980361810337;80,3249866364261;147,52768349156;86,0489027627874;123,862055629227;83,2406894835898;110,919225041326;80,8285465429974
121,45229283175;122,134196103692;83,8482978939261;83,6063905595735;141,238393975059;90,540967287389;121,638638854103;84,1050609317758;113,768258042292;81,4136502829998
123,398760210747;121,072125686745;87,2305909733639;83,6852047044248;137,597888557656;92,5709417849897;127,577306177792;87,9784617752402;119,012666489337;77,6101577573668
123,245048410689;121,012949902616;88,2650118759042;86,4273819117321;149,098556151378;93,0537895802515;127,050958333023;94,053258417244;117,298422201211;75,754776669214
135,509959040703;113,077469509348;89,0059704406899;86,8524618003905;149,721724295406;94,5629144136131;128,532108952946;93,1609187080566;119,926219299465;72,931755511278
139,843482210685;118,568525249914;89,3155466098631;90,171604662795;143,660725088993;98,4844967154428;128,479820381145;99,9524501136046;120,429332962517;74,3578052415394
143,20781664313;122,414630395799;91,1826600263197;94,0027509766984;144,330625738499;94,1734026711323;123,990117548068;93,8055452267322;111,887686833928;70,7374856623157
144,193916591768;122,099396072843;89,8922760862318;93,8052015901742;140,693836484063;89,2513645314221;119,494524919856;92,9063875087248;107,20310149531;73,5502446682913
145,565250573692;122,984352746747;87,8714078481142;90,2265626170949;139,108877312137;92,5097413036538;116,657037254612;91,5532326184407;104,13484597691;73,6836528029753
145,015285281187;124,293936862766;87,5936380233155;91,0987106167991;139,621006630504;94,0122416836229;118,562816489941;95,3922703127047;109,730402660595;72,4852647611552
141,651593905145;126,430297414905;85,5652661962577;94,8856963882755;133,319778600429;90,1932666280667;114,900906342318;99,3404561656558;107,88299941354;70,2285057720936
140,324747185224;129,5846897737;87,4618874688735;91,2511949976566;133,943761031473;87,554578200695;116,579277036827;97,9648479686876;102,8110400793;72,137664305637
132,689061593506;144,010704303242;87,7684531683364;93,8690698139718;135,924360424912;86,4099632383983;109,491781340127;92,5660519520582;99,7559404917291;69,733665265329
129,190738861094;142,498931669053;84,4595659696377;94,0288302444583;130,540868878463;89,1541009145615;106,53781142284;101,212934150316;106,282272342651;72,4920058826538
133,381879993082;146,681185604377;78,6876920495841;93,9135441253188;128,866034614211;91,2712968430288;106,076957575561;108,076860484479;104,501498789285;74,5809066239633
142,862566636582;147,519143722914;77,3891380984104;91,8403247692524;128,399423453764;88,4593116817982;106,46751643104;104,332637041665;107,913187785061;78,7604878024895
128,957234875391;155,396733633923;79,4632865192795;101,063398971892;124,412248798977;88,4107164564985;101,377933443037;106,971087293537;100,356264608398;81,1738340157926
131,591550849919;164,721846157496;78,0468687976381;101,250256789746;123,274290019117;87,8435241351972;102,821314764441;102,926397607561;102,66959881874;74,8397901941837
135,45557314525;159,73936896942;79,4616115957726;98,2726962335399;119,633603320346;87,758812876146;102,461797161251;103,115122174798;102,295144748107;73,4214585362491
130,683460467432;156,364736716263;80,8847323898698;93,2119830811665;117,871876686947;87,333085855866;96,4837719547421;99,3042253957983;100,534458640869;73,6922313413049
125,681817782293;164,136385485863;82,3777644875762;97,3588105135192;116,278821267299;86,5086907791453;98,3968510561332;102,602278791294;95,1717829690213;71,0555839770479
127,48746061916;155,731633427483;84,3500683964244;99,7170676840744;116,110008373984;82,5745675158172;97,270075364047;103,946191349144;97,5773227220026;69,5512164394076
130,319060119152;155,473254376717;86,9824859318214;99,1119235233302;113,334504247687;82,3386100546743;93,3268410098363;99,5978801365116;90,4570132470111;65,8586801523724
139,706923430763;166,717623194494;86,0464299913677;98,374875374758;109,185952500789;82,1849301258144;93,5264211048633;97,0212251577542;86,4503073984052;66,868700347288
137,154791851854;179,686166039485;84,1028428032515;97,2062126588042;114,161697204052;90,496055310789;90,2942323797476;98,1276258173521;82,8079851012489;69,3931049168695
142,51472941797;181,952382376037;86,0841173756288;96,6984147894163;112,027231260196;87,7686527315683;91,6500126986691;94,6915108748341;81,5233084631411;70,9242576296362
136,877554936928;182,595772997218;88,2790902288363;94,680671171755;105,308845204116;83,7063754603438;86,7669019064498;93,6850655874414;83,1018166186344;71,8336950600582
129,001680537794;173,558942377418;87,9989594421026;89,9987310835822;105,131137002511;80,5533062965131;87,5607099838467;88,8550154643882;77,6256358298486;74,3811462422867
123,627424549194;183,647823743694;81,2633747295477;88,2988284951638;100,887545162229;80,2498882871374;81,265369703557;84,641474132306;78,2575364765427;73,1312768294968
120,664994706566;179,801878184327;77,763514990504;86,8253629711766;102,720596935462;79,7076756159697;77,3097495386127;85,8154474783032;77,5032750141748;73,1406134526144
118,797038283402;175,062148665449;80,1414835026078;87,6796799284591;101,507003193446;76,7688963017804;75,9143541328315;87,0766799998413;74,7179290785312;74,8834126579086
120,901078636895;181,367056559481;82,7150154034002;87,0352466419248;92,7226421758048;79,7856862095806;71,4031183802638;86,227571850117;73,3225225391701;77,9799261590624
123,783377617756;171,160504506051;81,3328651926047;86,0477393240883;96,8737307428168;79,6141911150761;73,2559919795899;84,9021275617613;72,9851944226924;76,307925351527
122,532120967148;178,239981923323;80,2307629465492;82,7444754940158;98,3936000386755;82,9889616808901;73,946419802421;85,5160752904071;72,3976810151049;73,5420241736744
116,684962494485;172,949178905673;78,4837717079187;80,4550229159388;94,9004102116674;83,2090966642205;78,1987968977799;81,6071381172881;75,8516859370975;77,5674202667733
120,073917064645;177,844684180768;76,4370032692903;79,1030926903746;90,8187239056515;85,6485210370482;78,3463191619459;87,4904995975616;80,4899802217868;81,1333486290072
125,155029059978;176,898793448727;77,9408902089272;77,7431332100116;91,5257008239511;84,2091198271793;74,6530746961596;84,6232096307262;83,6025252958245;84,093739893403
127,063622342339;180,547058929306;77,1411063326127;79,2244444178594;95,2389153132971;84,4611199178994;76,9763247405652;78,7864395933962;81,9765267614084;85,1414049052389
121,364446059077;172,620365984471;78,7287174577661;76,2539630191611;96,0264894814772;88,5010554524962;79,3422588113691;80,2506018494032;79,8637845308244;87,4082570705531
119,68181230713;173,450536373766;78,2522102223468;75,8780657362207;87,0212159651509;88,6957217824922;81,2993719485477;80,2369839870199;77,683375143104;85,7788951405348
116,743605957758;175,248546621061;78,5179897259685;75,8553434274102;86,1626246227675;83,9865252901911;76,5628069108852;78,6991695024052;79,0797936381852;85,3101558661604
119,996313341032;175,107014694696;78,8132669275916;77,4016506450683;86,3622159627076;87,1818878313216;77,8143461694382;79,9563914738985;77,1923947822372;84,3696578600325
112,268505499716;173,950473426707;80,9007460696131;77,8539694349366;88,5114050815602;87,5885017548069;75,5585579549659;79,4839428458841;77,6856442533995;85,6135104677317
107,782027043127;180,940284476039;82,3807860959354;75,5032726108264;88,7719488386972;93,1217605050056;76,194765362651;83,4865043173933;76,9749354565947;80,5691945277075
109,063007911723;178,886436771781;80,8456895678026;68,9947079059227;84,3932007632495;99,135618114825;75,0104972344063;80,1100564628945;79,7588265063933;80,6012391914573
114,86931080379;174,512912800309;82,1922660101612;70,8311399032973;78,8103859596162;99,0513709104395;73,6363794264172;80,3190904197241;81,4011039561071;82,4859034480848
107,254000319496;167,6537266469;82,6326572666249;70,3188887453174;82,6743982641468;101,376641616703;67,7957248614508;80,4721794934524;80,8590635891328;83,6156833900283
105,864327959377;167,181906763642;80,3570981150529;71,8914724689789;79,107629173015;100,696975308104;70,1567490740219;81,495605485626;83,5598255177108;84,4899616614419
108,14626234519;161,870308700137;75,7441685866712;61,9644334465594;79,5041248916663;102,068580766429;70,4894874727821;86,6005430235635;84,4095391203559;83,5839677849673
110,798686462632;162,807718514993;75,5324902031263;62,3178770911331;80,4387272044727;104,518188732254;70,6550947250531;83,5943107230134;82,7640659640157;83,3558495153939
108,089685087394;166,293674672532;76,3321667108958;65,0152332186785;81,3430852618259;107,832269075983;66,9948126908919;82,5427835394087;84,0827721326199;82,4735094044501
111,041456911932;172,349502662152;75,342387457883;63,0953098653302;74,4046042783248;108,636526112091;62,5474757279457;79,5476361633034;79,1749847028106;86,6223480741317
112,967182421737;186,418942039903;78,6665839190965;63,3845924084635;74,3242008388825;106,759694398429;61,2273306906344;73,5605113824606;74,0928146516458;83,2196722985605
114,631907723484;184,375974967722;77,01567876881;65,5701987653973;76,1143021707028;106,559041229256;60,4462419422553;71,0425628298907;76,6264177738273;84,571624278615
105,722188726308;194,446815701116;72,3287069075176;60,8619793956739;78,5521244177932;104,652696720834;59,0789940484751;70,5317876341869;75,9133601093125;89,5623644725765
103,055828533875;192,236724812729;72,2107060525545;56,8868575573866;80,0516638847677;104,01193214728;61,2511681084518;71,6376989677398;74,251147029467;90,7581671923304
105,701127807404;202,545185899;71,966169629105;59,7552985521506;81,2029750279115;99,6377847009367;64,3805920512688;71,8557490198992;73,9492942570654;93,1423226380534
104,579113405599;198,564821840653;71,4667955007607;57,8654992382639;83,0128544533132;101,572174553403;66,7690243548767;70,6670486834228;67,4516549995393;96,7152603535879
103,308811076594;191,934773035798;69,0450311641008;56,8512832584755;82,0073959473515;104,849886925976;67,8111119164262;73,4693512778507;67,4969500986954;101,63886026137
104,707904325146;197,741493317656;66,869688507494;58,2796023442136;80,49714067643;105,879450528907;63,422839532584;71,4298659645061;68,8856231737972;106,770560514678
100,760339750837;194,939070445715;64,2937265020846;56,4620939450087;78,3128020238322;104,003752636469;64,7190071218213;76,4417535176115;68,6831936317257;103,943726425424
101,610342038401;199,206836632326;61,307877579193;59,9144023131322;83,042359821074;106,519258628585;63,771741830315;75,9558070359893;67,8926747266374;99,9811426721691
103,868175795514;203,982998963814;65,5566729505687;60,8212338465075;75,5513009911303;103,266586589452;62,2136793460903;75,8340204018105;64,1898631308414;94,0339276338562
99,4239160458066;193,603283681247;66,8583360335233;62,9042824605005;77,4653873595071;101,327256708597;64,7737148841277;70,6492814253403;65,568832923654;96,1299190197666
92,8471997270573;190,320838060106;69,211269627649;59,6807870910501;79,7896527749029;108,683550507804;59,5459084797365;67,448548971653;65,5167007498126;91,3774591153665
88,9464737866211;188,52618456222;66,2846124194519;63,555519824933;82,6376341373425;108,124446679705;57,5383295834227;64,9541985421362;63,1707038260944;91,0716900705645
85,1292380565194;182,940399691911;65,4991298733088;62,9773283176981;78,5434256167629;102,542956261348;54,1564695542128;65,6798244019799;61,5603023129131;90,9977023423394
85,3804653875507;188,17364814951;67,9214026287478;61,0961355067595;79,2753835060338;100,48155442254;51,4134519852837;65,4546399777387;62,0026356124577;92,1500713445754
84,0227436084978;187,839678527307;71,1470063598096;62,818074411091;82,348105861189;101,248351502424;51,3195382616902;68,4481830634581;64,1161259870735;90,8160647522449
86,6122584152985;187,247663757924;70,0371748793726;62,4704279137592;82,448335282965;101,05237298088;52,686912340104;65,2272207655976;62,2265520776786;91,8124975123133
88,1668364246446;179,041205339889;71,9282400506359;61,9183419813375;77,9811275956262;97,6062313014253;50,6106576377542;65,9344683800734;62,8349597722392;91,0460713958211
80,4739960452415;161,318966607839;69,8083110057291;59,6633681488971;78,5326953882897;97,1120854559328;52,428972905756;68,8307105747225;62,8497482957482;91,4485457698696
79,6284253664909;158,790035900005;65,57101722073;63,4456755542298;77,3263862577267;86,4672057863929;51,1068293854184;71,0408898802896;66,6778009047191;86,882037178351
80,5690738954691;155,585594890211;63,5342144061884;66,1961418297344;77,1641034468193;85,3507413087408;50,5332139978103;70,4278468989465;66,6955165664234;85,8065628287097
78,6355016809327;157,860239186261;64,9160506994091;66,3136796018779;77,8581531308943;86,6777357441325;51,5625230850404;69,0591846995124;68,5053755266527;87,0788165993126
78,2077806258485;155,87057886437;61,9381270060471;68,6761864323541;76,3994860693626;85,9523375340376;49,3860953714876;69,7566949500755;69,5012904994773;89,6539962062451
76,3686730558279;158,888025414242;62,0370293902965;69,1919368106053;73,8905158508161;88,5502337521394;48,2891424630886;66,8066165654047;68,6651861811431;93,33725443691
73,3328741566056;155,727037155582;60,9221830076681;68,9682245915808;73,0070561694171;84,3927973201958;50,0409503314373;68,5713260983491;67,7354838242863;90,920823338278
76,1914878207984;148,949198444314;57,6157677632197;67,9052060891773;72,7386766543392;83,3268774351048;49,8303487564347;68,5889557979861;66,8102620311749;90,5809850642425
74,7774126255886;147,499430125971;62,909650184615;71,5213492306139;71,8249229835698;77,0152725863306;51,2948021808268;65,8593084290208;62,05077865197;93,8114475528855
73,6547700489138;141,197671133925;60,9211269785829;70,9744283990042;71,690990217538;78,0657421065273;50,3928934300878;66,328685501819;61,2064738857891;92,863590300036
76,0368846639565;135,731376456446;56,948826839521;70,4822824140411;67,7961502074816;78,1494312630131;49,1068275322903;64,9878213155955;60,4295979579502;94,6099249804341
76,1074070431493;140,384180198335;60,9949018754014;74,8277732071932;64,3180552254396;79,6702673679882;49,8057366654694;67,8241862325267;60,8169437130186;100,878990601763
76,5642404037942;147,253925097335;57,7355434392564;74,2972779463535;65,0369244563245;79,8654638995704;49,9217919509625;65,1289624328047;60,9287548310302;98,4283382888164
75,1578065139283;137,281132224169;57,5224463382736;73,7318510653982;68,4192677808066;79,5101044682601;49,1213296683858;70,7571610241127;60,3789204526025;98,9198463341612
74,6625440439617;138,757072991918;58,2694347272877;75,7560088357417;69,0380741118877;77,9020685788593;47,795843572631;70,6452176291837;62,4277650170913;97,8815242326007
74,8398944617798;139,384374644536;57,1099515381748;75,3512940629084;71,7994910089313;76,9768645877481;46,8580655241679;71,5385181890615;64,4703110533603;94,3853336821068
72,6078630694275;142,915482172947;59,8593049523745;71,7959052496714;74,366517211741;79,239147008668;45,3876542137667;69,856070090715;65,0280483071553;94,0128308494518
75,3150943080921;145,549052074473;55,6107302452211;69,122950900785;73,6143019083945;74,7883859718909;47,1616523963425;67,5748372622237;67,0859517057074;84,6979193021614
74,0781792160226;146,79982548769;54,3680410527302;67,1773755484984;72,74114183823;74,4413297605974;45,4608232603048;66,932390594167;67,5247170262627;85,1552689522835
73,4583584736447;158,379810622272;56,1355810718124;68,1568221475994;80,0005905002601;73,974479821409;44,8555446162464;68,9482004277222;71,5131237227838;81,7509252591345
73,7169978130854;155,410052422782;59,39073572514;68,0562067891179;78,7659668235489;78,1111638320725;46,9629548267873;66,7124209833413;67,743597844235;77,7781058963578
70,7567460802077;146,064985922075;59,2139882021348;70,9173286843653;75,9335770115976;79,8220188361773;47,9739502239913;63,5975456656668;64,5700506276724;72,0869199369486
73,6303545276996;145,682808891284;58,6834273567482;69,5574486932702;80,68524045566;83,2746640138655;48,2431336155353;62,9388936552915;64,2248444984282;70,4379328364863
